ticker,rank,sector,SCORE,value_score,quality_score,momentum_score,earn_yield,fcf_yield,ebit_yield,book_price,roic,roe,op_margin,gross_margin,debt_eq,mom,price,high_52w,low_52w,mktcap,fscore,fscore_n,trap_flag
FIX,1,Industrials,1.1605,-0.6488,2.0502,3.0,0.0258,0.0389,0.0344,0.058,0.6,0.4458,0.6543,1.0,0.0168,1.4104,1576.78,2065.4404,761.351,55493715111.7039,7,9,
EIX,2,Utilities,1.1596,1.9263,-0.0074,1.9604,0.1693,-0.0306,0.0987,0.825,0.084,0.2052,0.3077,,2.3272,0.3467,54.56,80.38,50.1555,20994357949.3941,5,8,
CF,3,Materials,1.1224,1.0103,1.4939,0.6036,0.0792,0.0931,0.1357,0.2802,0.2953,0.2828,0.411,0.4249,0.5595,0.4085,135.54,139.27,74.9918,20512369124.1359,8,9,BASSO
SNDK,4,Information Technology,1.0222,0.2553,1.3313,1.9377,0.051,0.0513,0.0565,0.0702,0.6,0.7266,0.6119,0.7147,0.0,18.8341,1530.895,2335.0,90.09,224152119395.6411,8,9,BASSO
MU,5,Information Technology,0.9079,0.0968,1.2041,1.9377,0.0482,0.025,0.0574,0.0961,0.5984,0.5011,0.6563,0.7257,0.0878,5.4231,927.6,1213.3734,156.5787,1047625059294.525,7,9,BASSO
MPC,6,Energy,0.7811,0.4701,0.6309,1.7037,0.0741,0.1118,0.1274,0.1653,0.6,0.4484,0.092,,0.1736,1.0183,410.84,410.84,160.7636,115374044602.509,5,7,
SWK,7,Industrials,0.7218,2.0529,-0.3891,0.2817,0.0464,0.0964,0.1529,0.6697,0.1496,0.0693,0.1759,0.281,0.5311,0.3107,88.58,103.1027,59.5646,13377054336.2997,6,9,
DLTR,8,Consumer Staples,0.7095,0.8518,0.4173,1.0094,0.0762,0.1038,0.0977,0.1619,0.3458,0.4708,0.1098,0.3517,0.7099,0.3319,112.79,141.21,85.04,21162821595.9907,9,9,BASSO
ADBE,9,Information Technology,0.6793,1.1322,1.0204,-0.9084,0.0706,0.1003,0.0888,0.1124,0.6,0.6276,0.3607,0.894,0.4169,-0.2681,257.76,367.46,193.41,102459603881.8359,7,9,BASSO
UHS,10,Health Care,0.6702,2.338,-0.191,-0.943,0.1669,0.0925,0.1481,0.822,0.1283,0.2031,0.1136,,0.6521,-0.0976,176.85,243.1212,141.0042,9140982439.9771,6,7,
WDC,11,Information Technology,0.658,-0.0705,0.7468,1.9377,0.0634,0.0236,0.0301,0.0597,0.5082,0.8,0.3447,0.4885,0.1187,4.2431,411.96,745.9905,100.752,148528444209.4458,7,9,
LULU,12,Consumer Discretionary,0.646,1.858,0.2887,-1.0633,0.1365,0.1304,0.2082,0.4613,0.3573,0.296,0.1784,0.5611,0.0,-0.2765,98.37,215.88,96.88,10387288365.7028,5,9,
TER,13,Information Technology,0.6113,-0.5285,1.0878,1.9377,0.0221,0.0154,0.0261,0.0661,0.3781,0.3346,0.6119,1.0,0.0,2.8908,332.85,483.6542,113.7097,52038019591.7282,5,9,
TGT,14,Consumer Staples,0.6095,0.3168,-0.293,3.0,0.0626,0.0635,0.0736,0.2544,0.1581,0.2461,0.0559,0.1927,0.8069,0.7742,154.4,169.89,81.4371,70143413265.5928,6,9,
BIIB,15,Health Care,0.5986,0.6611,0.5229,0.625,0.043,0.0759,0.0702,0.4637,0.1152,0.0927,0.2493,1.0,0.4249,0.4593,216.17,224.51,135.67,31914715311.5584,5,9,
CMCSA,16,Communication Services,0.5945,1.7029,-0.0939,-0.2457,0.2223,0.25,0.3,1.7817,0.1719,0.1248,0.1467,,0.0,-0.1231,24.42,31.6751,21.92,50380246749.02,5,7,
MNST,17,Consumer Staples,0.5777,0.0049,0.7439,1.391,0.0487,0.048,0.0644,0.2142,0.2795,0.2272,0.2916,0.5555,0.0213,0.4148,44.63,49.97,31.99,43716241159.9065,5,9,
LDOS,18,Industrials,0.5772,2.081,-0.0511,-1.1737,0.0848,0.1344,0.1222,0.3258,0.278,0.2604,0.1155,,0.2167,-0.2151,129.24,197.2656,99.6763,16218613780.5093,7,8,BASSO
DECK,19,Consumer Discretionary,0.5513,1.0886,0.7527,-0.9263,0.096,0.1057,0.1397,0.2177,0.6,0.4409,0.2267,0.578,0.0,-0.2406,77.51,120.94,77.51,10573467026.1822,6,9,
AOS,20,Industrials,0.5492,1.6337,0.2264,-0.9744,0.1155,,0.1547,0.425,0.2846,0.2716,0.1751,0.3859,0.0842,-0.1431,57.22,79.5335,55.4443,4333395889.8065,7,9,BASSO
RL,21,Consumer Discretionary,0.5209,0.2637,0.6351,0.807,0.0778,,0.1112,0.2153,0.6,0.3611,0.1494,0.7027,0.1102,0.2142,335.23,413.2399,299.6577,12638494240.6852,7,8,BASSO
FSLR,22,Information Technology,0.5149,1.6384,-0.0583,-0.5858,0.0803,0.069,0.0883,0.4746,0.1908,0.1692,0.3365,0.4402,0.0424,0.0524,202.34,318.25,184.7,21745436510.3539,7,9,BASSO
UAL,23,Industrials,0.4982,1.6679,-0.3678,-0.1094,0.1007,,0.1353,0.4811,0.2112,0.2094,0.0775,,0.6883,0.1694,106.92,136.11,85.21,34704496307.9094,7,8,BASSO
NVDA,24,Information Technology,0.4951,-0.2412,1.6637,-0.3693,0.0377,0.0262,0.0386,0.0448,0.6,0.8,1.0,1.0,0.1457,0.2675,212.17,235.2024,164.7933,5113296955871.582,4,9,
CTSH,25,Information Technology,0.4794,1.9606,-0.3618,-0.8006,0.0743,0.0824,0.1156,0.5025,0.1509,0.1479,0.1579,,0.0498,-0.161,63.28,85.1577,38.5042,29986459419.8661,7,8,BASSO
EXE,26,Energy,0.4785,2.0766,-0.1469,-1.4668,0.1432,0.1331,0.1686,0.8671,0.1508,0.1651,0.2981,,0.2562,0.0075,94.23,120.7623,86.4307,22542535244.3454,7,7,BASSO
VLO,27,Energy,0.473,-0.0046,-0.0284,2.4309,0.0631,0.0814,0.0873,0.2187,0.3048,0.2885,0.0718,,0.3304,1.2501,397.04,397.04,153.1431,114318721575.7576,5,8,
TPR,28,Consumer Discretionary,0.4702,0.068,0.7659,0.6832,0.0654,0.0776,0.0773,0.0296,0.6,0.8,0.2392,0.7782,3.4374,0.1817,117.11,164.1577,97.5538,23350759532.279,8,9,
URI,29,Industrials,0.461,0.2923,0.8186,0.0829,0.0405,0.0828,0.0531,0.1447,0.1307,0.2795,1.0,1.0,1.5948,0.2389,989.13,1164.8199,707.7842,61965589231.3014,4,9,
HON,30,Industrials,0.4577,1.4221,-0.1516,-0.2523,0.1274,0.0643,0.091,0.2875,0.154,0.4431,0.2196,0.2926,1.6998,0.1178,203.44,257.9406,194.6831,64478276408.1793,4,9,
MO,31,Consumer Staples,0.4278,0.4044,0.8421,-0.354,0.0684,0.0782,0.0791,,0.4315,,0.4678,0.6296,,0.0358,69.81,73.7422,52.1917,116564819397.5368,6,9,
PTC,32,Information Technology,0.4225,1.1002,0.4187,-0.9254,0.085,0.0649,0.0723,0.2409,0.1978,0.3527,0.3781,0.845,0.403,-0.2849,132.75,206.19,112.33,14404206147.75,9,9,BASSO
DVA,33,Health Care,0.4061,1.1783,-0.3207,0.3154,0.0696,0.1322,0.1063,,0.2388,,0.1519,,,0.3494,190.9,240.96,103.87,12179419610.5957,7,8,BASSO
STLD,34,Materials,0.4005,-0.0992,-0.0888,2.3785,0.0469,0.0279,0.0542,0.2747,0.1247,0.1706,0.1001,0.1465,0.4459,0.9855,239.22,282.1202,130.0248,34286945386.321,5,9,
AES,35,Utilities,0.3988,0.1632,0.4305,0.8066,0.1773,-0.1629,,0.468,,0.3788,,0.2029,0.0,0.1892,14.8,16.8672,11.9168,10558891860.0776,3,9,ALTO
STX,36,Information Technology,0.3958,-0.6501,0.6706,1.9377,0.0182,0.0178,0.0235,0.0124,0.6,0.8,0.3357,,0.4449,3.7509,771.81,1093.2605,209.3911,174926504884.2486,6,8,
LII,37,Industrials,0.3877,0.4498,1.1381,-1.2372,0.0637,0.0524,0.0836,0.0963,0.6,0.6613,0.1996,0.3343,0.0,-0.238,362.19,572.95,362.19,12604200494.8809,5,9,
STZ,38,Consumer Staples,0.3823,0.897,0.3359,-0.5543,0.0864,0.0869,0.0914,0.3911,0.1172,0.221,0.315,0.5262,1.2352,-0.0077,123.62,164.2807,120.98,21108425878.8058,6,8,
FOXA,39,Communication Services,0.3775,0.9548,-0.4301,0.8382,0.25,0.25,,3.0,,0.1485,,,0.5681,0.1831,67.57,75.4053,48.5754,67.57,5,7,
FE,40,Utilities,0.3667,0.2552,0.4691,0.3849,0.0406,,0.0871,0.4826,0.1475,0.0842,0.2052,,0.0,0.1316,45.33,50.8757,41.3872,26220286221.8891,4,8,
FOX,41,Communication Services,0.3645,0.9548,-0.4301,0.773,0.25,0.25,,3.0,,0.1485,,,0.5681,0.1647,60.34,67.0667,44.1719,60.34,5,7,
DAL,42,Industrials,0.3424,0.9054,-0.474,0.8493,0.0761,,0.0918,0.4205,0.1426,0.1811,0.0808,,0.5916,0.5157,78.89,93.4293,55.216,51879880435.3188,6,8,
ACN,43,Information Technology,0.3318,1.3804,-0.0954,-0.911,0.0632,0.1021,0.0937,0.2589,0.3635,0.2443,0.1449,,0.0,-0.2707,193.4,282.7142,122.9615,123198918168.162,4,7,
PM,44,Consumer Staples,0.3256,-0.3163,0.9686,0.3234,0.0359,0.0421,0.0513,,0.6,,0.3775,0.6751,,0.1829,194.11,200.17,140.5944,302542455595.5922,7,9,
ABNB,45,Consumer Discretionary,0.3208,-0.3998,0.2735,1.8563,0.0381,0.0683,0.0413,0.1104,0.6,0.345,0.2081,,0.3175,0.4895,168.32,190.5,111.54,70615217938.6462,4,7,
ROST,46,Consumer Discretionary,0.3198,-0.5515,0.1928,2.3163,0.0368,0.0386,0.0488,0.0933,0.6,0.3943,0.1375,,0.151,0.6102,226.26,254.7377,143.476,72279458913.7917,6,8,
FCX,47,Materials,0.3057,-0.1989,0.4986,0.9291,0.0461,,0.066,0.2018,0.1877,0.2283,0.2741,,0.4668,0.5144,69.38,79.91,34.9641,99630891801.6001,5,8,
COO,48,Health Care,0.3026,0.9049,-0.0211,-0.2545,0.0563,0.0669,0.0458,0.8222,0.0539,0.0685,0.1284,0.6593,0.2299,0.1469,53.27,84.32,53.27,10129572598.4262,6,9,
FDX,49,Industrials,0.2955,0.5061,-0.6499,1.7648,0.0608,,0.0658,0.4339,0.1,0.1401,0.0577,,0.7411,0.8464,308.26,338.023,177.9875,72928519323.2432,5,8,
WSM,50,Consumer Discretionary,0.2951,-0.3259,0.6634,0.8007,0.0452,0.0515,0.0613,0.0821,0.6,0.5507,0.1921,0.4719,0.0034,0.2125,221.47,251.78,168.0788,26084553588.0834,5,9,
GOOGL,51,Communication Services,0.2872,-0.4296,0.3977,1.4995,0.0579,0.0126,0.035,0.1518,0.1901,0.3813,0.4104,,0.0766,0.3699,344.98,402.1212,235.9564,4219105534362.793,5,8,
GOOG,52,Communication Services,0.2818,-0.4237,0.3977,1.4607,0.0585,0.0128,0.0354,0.1534,0.1901,0.3813,0.4104,,0.0766,0.3589,341.43,398.5413,236.8717,4175688810424.8047,5,8,
CI,53,Health Care,0.2803,1.5567,-0.4407,-0.8304,0.084,0.1209,0.0909,0.5583,0.1061,0.1505,0.0353,,0.9273,-0.0576,288.9,304.1076,238.9934,76339074792.6041,7,8,BASSO
BBY,54,Consumer Discretionary,0.2675,0.3613,-0.0882,0.7911,0.065,0.0904,0.0926,0.1628,0.5969,0.3996,0.041,0.2295,0.366,0.21,93.24,94.83,54.7909,19555010113.4933,8,9,BASSO
KO,55,Consumer Staples,0.267,-0.5474,0.69,1.0496,0.0359,0.0329,0.0355,0.0881,0.202,0.4074,0.2934,0.6174,1.0851,0.3406,88.71,91.4443,63.9694,381673211361.7397,7,9,
ALB,56,Materials,0.2667,0.3364,-0.3686,1.3979,0.0167,0.1003,0.0185,0.7675,0.0132,0.0218,0.0427,0.2381,0.1827,0.6667,113.45,214.3488,79.2118,13387673356.5271,6,9,
SOLV,57,Health Care,0.2648,0.4172,0.3172,-0.1448,0.0935,-0.0077,0.104,0.3131,0.1861,0.2988,0.2498,0.5468,1.049,0.1859,90.06,92.44,62.49,15330348618.1547,6,9,
EXPE,58,Consumer Discretionary,0.2621,0.3655,-0.4751,1.5296,0.0607,0.1329,0.0776,0.036,,0.8,0.1597,,4.5153,0.4038,293.08,338.6418,187.4332,33549745302.887,6,8,
LRCX,59,Information Technology,0.2593,-0.642,0.6532,1.2742,0.0214,,0.0243,0.0368,0.6,0.5826,0.3529,0.5047,0.2985,1.9003,270.87,433.33,118.5539,338945313160.0342,8,9,
APH,60,Information Technology,0.2589,0.6555,0.0882,-0.1929,0.0537,0.0492,0.0832,0.1618,0.3967,0.332,0.2703,0.385,0.2091,0.4428,77.65,88.16,58.8857,95741167317.4334,7,9,BASSO
LYB,61,Materials,0.2553,0.6818,-0.171,0.2552,0.1607,0.0747,0.0397,0.5049,0.0697,0.3183,0.0309,,0.5409,0.2953,65.43,80.6941,39.8678,21136373297.9434,3,8,ALTO
NUE,62,Materials,0.254,-0.2231,-0.2796,2.2753,0.0491,0.027,,0.3765,,0.1304,,,0.1972,0.9519,258.82,274.74,130.5651,58719964124.0071,7,8,
BF.B,63,Consumer Staples,0.2539,0.3864,0.4288,-0.361,0.0583,0.0748,0.0701,0.3207,0.1393,0.1817,0.2536,0.6066,0.5248,0.0343,26.18,30.0773,22.4123,12374474564.2471,5,9,
SO,64,Utilities,0.2502,0.0478,0.7455,-0.3358,0.045,-0.0358,0.076,0.3717,0.176,0.1211,0.2417,,0.0,0.0331,85.95,97.4911,82.062,96891525932.8501,5,8,
DXCM,65,Health Care,0.2466,-0.4231,1.1282,-0.1772,0.0306,0.0431,0.0361,0.0804,0.5856,0.3814,0.2292,0.6247,0.0011,0.1744,86.45,92.34,54.84,32622836982.6363,8,9,
ALGN,66,Health Care,0.2455,0.3529,0.1642,0.1932,0.0396,0.0607,0.0586,0.4053,0.1272,0.0977,0.1323,0.6805,0.0,0.306,147.0,197.51,124.88,10442858244.0,6,9,
VRT,67,Industrials,0.2267,-0.8999,0.21,2.5132,0.0192,0.0324,0.024,0.0527,0.3646,0.364,0.1894,,0.6179,1.1168,234.61,376.0595,136.5047,90322075502.5081,5,8,
EXPD,68,Industrials,0.2216,-0.4709,0.5779,0.8942,0.0365,,0.049,0.0841,0.6,0.4337,0.0983,0.1514,0.0,0.5319,193.9,193.9,111.9601,25205180812.4002,6,9,
NI,69,Utilities,0.2211,0.085,0.4891,-0.0429,0.0465,-0.0558,0.072,0.4919,0.0922,0.0945,0.2761,0.7454,0.6713,0.0731,40.59,48.7533,38.3431,19465344532.1751,7,9,
NTAP,70,Information Technology,0.2165,-0.0355,0.5572,0.0393,0.038,0.0442,0.0484,0.0401,0.5951,0.8,0.2502,0.7063,1.6642,0.6734,189.93,207.08,93.3469,37305860181.0342,9,9,
REGN,71,Health Care,0.2144,0.2441,0.0446,0.4948,0.0595,,0.0532,0.436,0.1031,0.1365,0.2474,,0.0626,0.4131,774.11,852.03,552.676,72731588825.8044,4,8,
AMCR,72,Materials,0.2046,0.7799,-0.1728,-0.1915,0.0563,0.0926,0.0797,0.6006,0.102,0.0938,0.0808,0.1995,0.4508,0.1501,42.46,48.4112,35.5777,19631197574.1099,7,9,BASSO
EQT,73,Energy,0.2002,1.0326,0.0985,-1.261,0.0816,0.1131,0.1044,0.7602,0.1022,0.1074,0.8881,,0.2239,0.0731,53.12,67.5273,48.6169,33227409251.8768,6,8,
AMAT,74,Information Technology,0.2,-0.4364,0.1758,1.5212,0.0277,0.0168,0.0275,0.0767,0.3285,0.3616,0.2964,0.494,0.2126,2.1457,421.17,722.2277,169.9898,334239445724.5256,7,9,
PNW,75,Utilities,0.1943,0.1664,-0.0983,0.8352,0.0272,,0.0769,0.6116,0.0935,0.0445,0.2052,,0.4744,0.1931,94.9,108.3845,82.6693,11501617691.5323,5,8,
AEP,76,Utilities,0.1942,0.4075,-0.3494,0.8548,0.0438,0.1053,0.047,0.4847,0.0657,0.0903,0.2453,,1.5579,0.1957,120.61,137.6421,103.2374,65624498954.6453,6,8,
JBHT,77,Industrials,0.187,-0.4579,-0.3014,2.4536,0.0263,0.0429,0.0359,0.1426,0.1564,0.1844,0.1329,,0.2673,1.0953,273.05,297.9075,129.5894,25643472947.5274,7,8,
HAS,78,Consumer Discretionary,0.1864,0.2867,-0.3523,1.0631,0.0624,0.0954,0.0717,0.2354,0.1391,0.2651,0.2335,,1.5557,0.2814,90.21,103.5827,68.7326,12723621238.9399,4,8,
TSN,79,Consumer Staples,0.1797,1.1265,-0.6784,0.0022,0.0388,0.0784,0.0894,1.2209,0.0529,0.0317,0.0226,0.0614,0.0,0.1131,52.55,67.5448,48.9971,14808196027.8594,4,8,
GM,80,Consumer Discretionary,0.1785,0.4788,-0.8674,1.6698,0.026,0.1922,0.0331,0.8277,0.0434,0.0314,0.0108,,0.0,0.4406,85.37,90.1136,54.8766,74908040465.1626,5,8,
LMT,81,Industrials,0.1656,0.3517,-0.0347,0.1943,0.0511,0.077,0.0649,0.0712,0.2907,0.717,0.153,0.1519,2.4749,0.2791,533.46,668.1661,431.3779,123117640166.4659,6,9,
ZBH,82,Health Care,0.1487,0.8893,-0.1593,-0.7163,0.043,0.0811,0.0622,0.6725,0.0788,0.0639,0.1416,0.3893,0.0792,-0.0171,98.41,103.1494,79.3691,18770496672.9923,5,9,
SNA,83,Industrials,0.1476,0.2781,0.0956,-0.0093,0.0533,,0.0708,0.3116,0.1874,0.1711,0.278,0.3878,0.1993,0.2055,374.82,416.7245,318.6955,19388360996.5408,6,9,
PNR,84,Industrials,0.1474,1.4037,-0.1735,-1.7233,0.0734,0.0783,0.0784,0.4961,0.1158,0.148,0.2057,0.4094,0.4286,-0.4136,56.58,111.0011,56.18,9143641805.6886,6,9,
PCG,85,Utilities,0.1463,0.5189,-0.4237,0.5411,0.0614,-0.121,0.0564,0.9619,0.0572,0.0638,0.2802,,1.6928,0.1529,13.15,19.0001,13.15,35243452000.019,3,8,ALTO
IDXX,86,Health Care,0.146,-0.5809,1.4939,-1.0961,0.0283,0.0312,0.036,0.0401,0.6,0.7067,0.3203,0.6245,0.2791,-0.152,510.73,766.68,504.7,40235880240.1952,8,9,
ADSK,87,Information Technology,0.1456,0.0702,0.7377,-0.8876,0.0347,0.06,0.0446,0.0715,0.6,0.4854,0.262,0.9125,0.739,-0.2474,226.5,324.86,187.72,47338500000.0,8,9,
SMCI,88,Information Technology,0.1445,1.3267,-0.5674,-0.796,0.0953,-0.25,0.173,0.6184,0.3133,0.154,0.0709,0.1082,0.0083,-0.1565,35.64,58.68,20.53,23414245884.7802,2,9,ALTO
MKC,89,Consumer Staples,0.1435,0.9824,-0.0058,-1.2356,0.1278,0.0773,0.0692,0.5523,0.0823,0.2313,0.1494,0.3862,0.5156,-0.1557,49.86,70.3792,45.1905,12667189934.063,5,8,
JNJ,90,Health Care,0.1378,-0.4432,0.411,0.7532,0.0327,0.0345,0.0327,0.132,0.1715,0.2476,0.2223,0.6791,0.4877,0.5049,267.2,278.43,170.3217,643924934536.1074,4,9,
EME,91,Industrials,0.1373,-0.2007,0.3147,0.4585,0.0444,,0.0613,0.1257,0.4524,0.3528,0.1038,0.1943,0.0,0.3746,735.52,943.2628,580.6438,32443715245.0415,6,9,
CPRT,92,Industrials,0.1309,0.2635,0.8153,-1.503,0.054,0.0466,0.0637,0.2084,0.3544,0.2594,0.9483,,0.0018,-0.334,31.04,47.6,27.17,28737189248.8857,5,8,
GEN,93,Information Technology,0.1291,0.8721,-0.216,-0.6667,0.0563,0.0828,0.0819,0.1421,0.1482,0.3965,0.4168,0.7801,3.0708,-0.0279,31.23,31.41,17.7165,18693872735.3486,7,9,BASSO
ATO,94,Utilities,0.1249,0.0146,0.4327,-0.2699,0.0512,,0.0599,0.5572,0.0797,0.0919,0.3697,0.3596,0.2313,0.0421,162.04,190.0626,158.7596,27382903993.5533,5,9,
GDDY,95,Information Technology,0.1225,1.1145,-0.3052,-1.0063,0.0702,0.1313,0.0804,0.0005,0.3551,0.8,0.2482,,5.0,-0.3654,102.38,147.83,74.99,12966191587.6717,5,8,
DD,96,Industrials,0.1191,-0.0644,-0.0374,0.799,0.0032,,,0.7963,,0.004,,1.0,0.5207,0.4976,128.04,152.6918,90.9112,17290901612.3394,5,9,
UPS,97,Industrials,0.1169,0.729,-0.5546,0.2355,0.0625,0.0747,0.0715,0.2062,0.1507,0.3033,0.0731,,1.5653,0.294,102.35,115.8725,77.49,73070147638.088,4,7,
BMY,98,Health Care,0.1127,0.1616,-0.1951,0.6306,0.0713,0.0879,,0.1714,,0.4159,,0.6251,1.9204,0.4613,63.73,68.09,41.2076,130182204091.7994,9,9,BASSO
VRTX,99,Health Care,0.1127,-0.4036,0.5815,0.2078,0.0338,0.0291,0.0384,0.1552,0.2808,0.2176,0.3795,,0.0052,0.3111,514.63,557.96,376.62,130438596555.7222,5,8,
PPG,100,Materials,0.1118,0.4873,0.0211,-0.4577,0.0678,0.0525,0.0936,0.3466,0.1533,0.1956,0.1677,,0.8756,0.0636,104.89,129.1576,92.4993,23379980863.9526,6,8,
LEN,101,Consumer Discretionary,0.104,1.5838,-0.6712,-1.3053,0.0958,0.0425,0.1494,1.2827,0.0894,0.0747,0.0866,,0.2717,-0.34,80.07,131.1688,77.9,16855215595.9687,3,6,ALTO
KDP,102,Consumer Staples,0.0976,0.1374,-0.0255,0.2643,0.0333,0.046,0.0616,0.5841,0.0705,0.057,0.1623,0.4939,0.4621,0.1701,31.49,33.5,24.6967,42852411625.1516,6,9,
SHW,103,Materials,0.0975,-0.2884,0.8785,-0.6929,0.0343,0.0477,0.0501,0.0491,0.2536,0.6974,0.1806,0.4898,2.549,-0.0129,323.22,369.9614,292.3243,78464289862.5556,7,9,
CVS,104,Health Care,0.097,0.8528,-0.7273,0.2338,0.0405,0.0973,0.0464,0.6595,0.0509,0.0614,0.0341,0.1204,0.8664,0.3204,94.49,109.9195,69.0428,120849907434.6345,5,9,
GRMN,105,Consumer Discretionary,0.0948,-0.664,0.2953,1.2116,0.0323,0.027,0.0383,0.1723,0.2341,0.1873,0.2646,0.5914,0.0,0.3203,278.97,311.952,184.0587,53801096023.2402,6,9,
KVUE,106,Consumer Staples,0.0898,0.1205,0.1812,-0.1544,0.0482,0.0556,0.0642,0.3066,0.1145,0.1571,0.1707,0.5819,0.7284,0.0791,17.92,19.6114,13.4622,34420260675.1834,5,9,
CSX,107,Industrials,0.0896,-0.4125,0.1339,1.0051,0.0358,0.031,0.0506,0.0938,0.2328,0.3811,0.3415,,1.1627,0.572,48.66,53.0847,32.0579,90141429178.5548,4,8,
MAS,108,Industrials,0.0891,0.5445,-0.0612,-0.5212,0.0602,0.0707,0.0777,,0.4179,,0.1664,0.3543,,0.0206,68.88,82.4086,58.0661,13895467466.4798,6,9,
ROP,109,Information Technology,0.0868,0.7875,-0.1396,-0.8619,0.066,,0.0494,0.4925,0.0705,0.1339,0.2797,0.6953,0.4974,-0.2219,383.94,516.3225,313.9404,37972001805.0172,6,9,
AMGN,110,Health Care,0.0833,-0.2332,-0.0151,0.913,0.0431,0.0501,0.0464,0.0576,0.1766,0.748,0.2999,,4.9028,0.5616,375.65,444.12,263.8604,203088409378.4941,6,8,
RMD,111,Health Care,0.0832,0.0595,0.7376,-1.1781,0.046,0.0498,0.0589,0.199,0.2715,0.2313,0.3337,0.6106,0.0607,-0.1811,229.44,280.3143,182.2969,33097249440.8185,7,9,
INTU,112,Information Technology,0.0779,0.9281,-0.1838,-1.0991,0.0519,0.0985,0.0647,0.2158,0.2034,0.2404,0.2743,,0.4038,-0.479,329.27,694.2902,253.9451,87992794784.0576,7,8,BASSO
APP,113,Communication Services,0.075,-0.3825,1.2849,-1.4297,0.0397,0.0407,0.0474,0.0285,0.6,0.8,0.7744,,1.1106,-0.474,331.46,733.6,298.59,111135551994.9646,8,8,
IFF,114,Materials,0.0571,0.0237,-0.0189,0.2758,0.0449,0.0251,0.0276,0.6502,0.0293,0.069,0.0803,0.3888,0.4033,0.302,84.24,88.07,58.5289,21493832338.0609,8,9,
GEV,115,Industrials,0.0557,-0.8573,0.2889,1.4153,0.0405,,0.0077,0.0509,0.1505,0.7969,0.0435,0.2021,0.0,0.7202,882.81,1174.86,546.9465,235121947992.3816,6,9,
LNT,116,Utilities,0.0544,-0.0979,0.0814,0.3048,0.0482,0.0009,0.0489,0.4355,0.091,0.1106,0.2302,,0.5215,0.1206,65.99,77.4411,61.7012,17043701119.8907,6,8,
CCL,117,Consumer Discretionary,0.053,0.9261,-0.6019,-0.3832,0.1013,0.1057,0.0833,0.4282,0.1221,0.2367,0.1635,,1.9718,-0.0981,22.11,33.4524,22.11,30282942857.0575,7,8,BASSO
CIEN,118,Information Technology,0.0518,-0.6782,-0.0182,1.6522,0.0138,0.0172,0.0162,0.0645,0.5173,0.2141,0.1227,0.4407,0.2216,2.2758,334.33,627.0,135.9,47410842259.0828,7,9,
ELV,119,Health Care,0.0504,0.5456,-0.4954,0.1516,0.0548,0.0695,0.049,0.4957,0.07,0.1106,0.0271,,0.6917,0.2912,417.54,424.9405,276.685,90551605199.7311,6,8,
DELL,120,Information Technology,0.0489,-0.2799,-0.5667,1.9377,0.0327,0.0246,0.0384,,0.5466,,0.0943,0.198,,2.8322,543.51,567.29,110.5447,347846406250.0,6,9,
DG,121,Consumer Staples,0.0468,0.1804,-0.2004,0.2741,0.0619,,0.0784,0.3376,0.1444,0.1834,0.0559,0.3116,0.5589,0.1722,124.7,154.7135,94.5992,27510913039.731,6,9,
EBAY,122,Consumer Discretionary,0.0463,-0.4076,0.2842,0.4781,0.0462,0.0519,0.0461,0.097,0.2156,0.4763,0.2052,0.7249,1.6551,0.1279,108.03,118.2715,78.6874,48073349456.7871,5,9,
EOG,123,Energy,0.0406,0.3159,0.0813,-0.5913,0.0853,,0.112,0.3951,0.2266,0.2158,0.3295,,0.1191,0.2866,153.74,153.74,99.3052,80641118399.5648,3,8,ALTO
SJM,124,Consumer Staples,0.0335,0.3051,-0.4224,0.4018,0.0177,0.1222,0.0424,0.4424,0.0367,0.0399,0.0902,0.3865,1.138,0.1999,121.7,132.34,87.725,13000381045.1015,4,9,
SYK,125,Health Care,0.0295,-0.2284,0.7931,-0.9821,0.0345,0.0435,0.052,0.1086,0.3964,0.3179,0.2142,0.6498,0.1512,-0.1115,281.5,385.3856,270.01,107975812449.0,5,9,
UNP,126,Industrials,0.0293,-0.1936,-0.0109,0.5553,0.0434,0.0386,0.0511,0.1225,0.1541,0.3546,0.4003,,1.5389,0.4095,283.99,309.1852,211.5416,168711494875.5015,7,8,
AAPL,127,Information Technology,0.0286,-0.4254,0.6674,-0.3408,0.0267,0.0283,0.0317,0.0222,0.6,0.8,0.3317,0.4865,0.7654,0.2958,331.34,339.7869,235.8289,4835635547754.517,8,9,
TTD,128,Communication Services,0.0236,0.6958,0.0781,-1.4297,0.0636,0.1348,0.1111,0.4021,0.2561,0.1581,0.1961,,0.0,-0.7058,15.0,54.13,13.03,6401573475.0,5,7,
CRH,129,Materials,0.0153,0.3723,0.2116,-1.091,0.0658,0.0464,0.0756,0.412,0.1069,0.1597,0.1431,0.3625,0.7415,-0.1423,87.69,129.9237,87.66,58338800393.8198,6,9,
NEE,130,Utilities,0.0088,-0.8353,0.2998,1.1149,0.0484,,0.0315,0.3266,0.0559,0.1482,0.5532,,1.7013,0.2313,81.07,96.443,67.8792,169058631201.5243,4,8,
IEX,131,Industrials,0.0068,-0.2246,-0.1805,0.844,0.0316,0.039,0.042,0.244,0.1076,0.1296,0.2069,0.447,0.4658,0.5138,222.84,240.52,156.947,16427741354.6697,8,9,
CMI,132,Industrials,0.0043,-0.2893,-0.1923,0.985,0.0202,0.0455,0.0538,0.1735,0.2557,0.1162,0.1156,0.261,0.1182,0.5648,538.02,724.8918,402.1005,74066249984.4995,7,9,
ROK,133,Industrials,0.0038,-0.608,0.4907,0.2535,0.0259,0.033,0.0426,0.0755,0.3384,0.3437,0.2268,0.5453,0.5652,0.3005,417.0,493.5596,329.3444,46307297892.0,8,9,
TEL,134,Information Technology,0.0037,0.6074,-0.2972,-0.6017,0.0517,0.0568,0.0624,0.2135,0.2007,0.2423,0.1974,0.3612,0.3213,0.0367,201.42,246.3216,194.3271,58313753853.6454,6,9,
NCLH,135,Consumer Discretionary,-0.0002,0.4424,0.1353,-1.1567,0.116,-0.1808,0.1942,0.3924,0.3859,0.2957,0.2767,,0.6034,-0.301,14.28,26.01,14.28,6557202318.2636,5,8,
CASY,136,Consumer Staples,-0.0003,-0.5233,-0.5379,2.1209,0.0356,0.0299,,0.1887,,0.1888,,0.1149,0.5669,0.5733,587.14,915.5934,511.9721,21700792993.7887,8,9,
NEM,137,Materials,-0.0005,-0.3542,-0.1314,0.969,0.0657,,,0.2693,,0.2439,,,0.1442,0.5273,124.19,134.8593,77.5922,130858045707.9809,8,8,
EL,138,Consumer Staples,-0.0032,-0.1585,0.4665,-0.632,0.0659,0.0553,0.0344,0.1678,0.1355,0.3929,0.0518,0.755,0.2669,-0.0246,96.25,118.3745,66.7443,23801780213.75,6,8,
MSFT,139,Information Technology,-0.0087,-0.1508,0.4796,-0.701,0.0362,0.0181,0.0418,0.1198,0.271,0.3023,0.4678,0.6794,0.0911,-0.062,497.12,537.6464,352.167,3691387138228.3735,6,9,
GD,140,Industrials,-0.012,0.3452,-0.3868,0.0233,0.0448,0.0639,0.0543,0.2689,0.1487,0.1665,0.1024,,0.3096,0.2173,358.6,395.97,311.1606,96976266708.7749,7,8,BASSO
DUK,141,Utilities,-0.0124,0.0724,0.0197,-0.2465,0.056,-0.0359,0.0509,0.5931,0.0562,0.0944,0.4434,,1.6015,0.0453,117.77,131.1634,111.0921,91813043859.0373,5,8,
EVRG,142,Utilities,-0.013,-0.2072,-0.2422,0.8338,0.0477,-0.0594,0.0493,0.5494,0.0652,0.0868,0.2707,,1.2944,0.1929,80.2,87.4002,68.8783,18487143901.5301,3,7,
NXPI,143,Information Technology,-0.0149,0.4265,-0.1849,-0.5578,0.0464,0.0474,0.0594,0.1912,0.1691,0.2428,0.3035,0.5505,1.0103,0.0802,226.35,331.5454,181.8076,57146830272.6112,5,9,
ED,144,Utilities,-0.0156,0.2287,-0.5328,0.5303,0.0556,-0.0085,0.0464,0.66,0.045,0.0842,0.1717,,1.008,0.1514,105.24,113.5694,92.502,38784065366.9356,6,8,
XEL,145,Utilities,-0.0186,0.3277,-0.4843,0.2202,0.0493,0.1054,0.0348,0.5313,0.0473,0.0928,0.2353,,1.5358,0.1091,72.49,82.0098,69.879,45279739507.5772,4,8,
CL,146,Consumer Staples,-0.0189,-0.4269,0.3492,0.0607,0.0294,0.0542,0.0413,0.0034,0.3432,0.8,0.1487,0.6042,5.0,0.1258,87.0,97.966,73.6412,69354036123.0,4,9,
MGM,147,Consumer Discretionary,-0.019,0.4275,-0.9057,0.8611,0.0432,0.1515,0.076,0.2548,0.1685,0.1694,0.0573,,2.4141,0.2284,39.22,50.69,30.72,9867468197.4401,6,8,
AKAM,148,Information Technology,-0.0225,0.359,-0.4021,-0.0263,0.0271,0.0631,0.0333,0.3135,0.119,0.0865,0.1778,,0.0,0.6083,105.4,161.14,71.97,15147730807.8941,5,8,
LUV,149,Industrials,-0.0259,0.3733,-0.6988,0.5216,0.0436,0.0563,0.0511,0.3685,0.0993,0.1182,0.0346,,0.696,0.3973,39.28,54.0738,29.1498,19216097538.102,7,8,BASSO
FTV,150,Industrials,-0.0276,0.0475,-0.1772,0.1214,0.0316,0.0564,0.0333,0.3535,0.0648,0.0894,0.1807,0.6488,0.5736,0.2528,56.45,64.0121,47.4597,17209404868.0405,6,9,
PAYX,151,Industrials,-0.0294,-0.0512,0.353,-0.7505,0.0418,0.0552,0.0551,0.0888,0.2655,0.4712,0.3984,,1.2198,-0.0622,118.3,127.34,83.6128,42077283423.4579,7,8,
D,152,Utilities,-0.0298,-0.0299,-0.3845,0.6799,0.0529,-0.0068,0.0449,0.5189,0.0523,0.102,0.2615,,1.5896,0.1719,63.87,70.973,55.3589,56170815650.2503,6,8,
TJX,153,Consumer Discretionary,-0.0306,-0.5653,0.3381,0.3017,0.0443,0.0429,0.0358,0.0777,0.5511,0.5696,0.1593,,0.1757,0.0816,124.6,167.8803,124.6,137056766322.1728,6,8,
DGX,154,Health Care,-0.0325,0.0354,-0.2427,0.252,0.0389,0.0495,0.0505,0.2756,0.1004,0.1413,0.141,0.3143,0.7507,0.3268,247.08,247.08,171.2548,27271049990.8997,8,9,
FTNT,155,Information Technology,-0.0356,-0.7532,0.5185,0.2916,0.0168,,0.0196,0.0123,,0.8,0.3244,0.802,0.6366,0.9241,172.37,172.78,75.23,126470218785.0238,6,9,
PSX,156,Energy,-0.0377,-0.4104,-0.316,1.2639,0.0671,,,0.298,,0.2251,,,0.0349,0.8781,264.93,264.93,123.1143,105712608353.3635,5,8,
ODFL,157,Industrials,-0.0387,-0.5943,0.1417,0.7119,0.029,,0.0388,0.1212,0.2523,0.2395,0.2584,,0.0099,0.4661,180.96,248.3443,125.51,37523255709.2848,6,8,
DIS,158,Communication Services,-0.0397,0.2,-0.2316,-0.1351,0.0468,0.0451,0.0827,0.5988,0.09,0.0782,0.1845,,0.3819,-0.0919,106.42,114.9988,91.7172,183754016949.1818,7,8,BASSO
PEP,159,Consumer Staples,-0.044,-0.1376,0.2593,-0.4637,0.0565,,0.065,0.1195,0.1973,0.4729,0.1482,0.5396,2.0975,0.012,135.5,165.4534,132.9625,184942806109.0,5,9,
GWW,160,Industrials,-0.0452,-0.6196,0.364,0.2854,0.0313,0.0253,0.0446,0.0691,0.3404,0.4527,0.1457,0.394,0.5829,0.312,1269.53,1399.2974,912.815,59796060277.1704,7,9,
DOV,161,Industrials,-0.0492,0.1223,-0.2468,0.0028,0.0446,0.0413,0.0508,0.3027,0.1102,0.1473,0.1687,0.3958,0.4232,0.2099,188.97,231.5927,159.527,25450522282.6546,4,9,
HSIC,162,Health Care,-0.0524,0.0804,-0.3009,0.1792,0.0413,,0.0635,0.3237,0.1259,0.1277,0.05,0.3132,0.3313,0.301,87.52,90.86,62.03,9753800981.7214,4,9,
MDT,163,Health Care,-0.0527,0.2337,-0.0332,-0.6646,0.0436,0.0511,0.0483,0.4189,0.0766,0.1041,0.1808,0.5053,0.4408,0.0012,93.75,102.8065,73.0905,119919177187.5,8,9,BASSO
BDX,164,Health Care,-0.0562,0.2052,-0.3927,0.0939,0.0186,0.0767,0.0303,0.4821,0.0445,0.0386,0.0957,0.3775,0.5534,0.2707,185.92,190.8744,135.2883,50642153357.2449,6,9,
CSCO,165,Information Technology,-0.0636,-0.1942,-0.0077,0.0856,0.0306,0.0294,0.0342,0.1159,0.1931,0.2638,0.2427,0.6452,0.4548,0.7195,110.07,129.5155,65.5722,433960535907.928,7,9,
INCY,166,Health Care,-0.064,-0.1159,-0.3933,0.6985,0.0589,,0.0403,0.2312,0.0612,0.2546,0.3005,,3.3958,0.4854,121.74,129.93,81.66,24321479122.9193,5,8,
TXT,167,Industrials,-0.0655,0.4949,-0.4617,-0.3939,0.0675,,,0.5801,,0.1163,,,0.0,0.0666,80.72,100.701,79.05,13882784150.185,5,7,
RVTY,168,Health Care,-0.0656,-0.2535,-0.1209,0.4208,0.0152,0.0357,0.0194,0.4621,0.0323,0.0329,0.1232,0.6834,0.5395,0.3868,140.19,140.19,82.2085,15643297828.6177,6,9,
EW,169,Health Care,-0.0673,-0.4792,0.3718,-0.1217,0.0203,0.029,0.0308,0.2148,0.1203,0.0946,0.2225,0.7784,0.0565,0.1941,85.74,95.18,72.65,49420534768.6768,5,9,
TDY,170,Information Technology,-0.0704,0.4928,-0.4586,-0.4205,0.0351,0.0412,0.0421,0.3935,0.0802,0.0893,0.1945,,0.1856,0.2167,598.51,691.3,484.47,27744334299.9221,7,8,BASSO
PODD,171,Health Care,-0.0717,-0.2699,1.0687,-1.9562,0.0389,0.0304,0.0506,0.1473,0.1993,0.2639,0.4821,1.0,0.9828,-0.5895,139.24,346.36,131.96,9656879049.734,4,9,
ADI,172,Information Technology,-0.0721,-0.188,0.0207,-0.026,0.0236,0.0282,0.0275,0.1916,0.1145,0.1232,0.3555,0.658,0.1942,0.6086,361.35,444.1269,222.4182,175097733735.3029,8,9,
PHM,173,Consumer Discretionary,-0.0732,0.3844,-0.4875,-0.1599,0.0851,0.0675,,0.5811,,0.1465,,,0.0034,-0.0395,119.47,141.6452,109.6368,22394955182.6239,3,7,ALTO
LVS,174,Consumer Discretionary,-0.0753,0.2805,-0.2245,-0.4886,0.0646,0.1011,0.0897,0.0217,0.3669,0.8,0.2149,,5.0,-0.1257,41.27,68.2933,41.27,26730628160.1741,7,8,BASSO
DRI,175,Consumer Discretionary,-0.0766,-0.2897,-0.0812,0.3588,0.0506,0.0469,0.0626,0.0925,0.3816,0.5466,0.1198,0.203,0.7419,0.0966,209.12,227.68,165.3362,23855984320.2587,7,9,
VZ,176,Communication Services,-0.0772,-0.0,-0.5895,0.7931,0.0757,,0.0935,,,,0.2054,,,0.1703,51.45,51.45,36.5625,213763187312.7419,5,8,
MRVL,177,Information Technology,-0.0801,-0.7538,-0.3766,1.8603,0.0136,0.0089,0.008,0.0953,0.0688,0.1425,0.1652,0.5221,0.2678,2.4826,221.7,316.352,67.2866,194408727323.9136,8,9,
HUM,178,Health Care,-0.0803,-0.0696,-0.382,0.5016,0.0237,0.0267,0.054,0.3902,0.1256,0.0608,0.0178,,0.1399,0.4155,396.62,409.8,162.4597,47618791543.7622,5,8,
MSI,179,Information Technology,-0.0807,-0.4694,0.6091,-0.6829,0.0275,,0.0387,0.0344,0.6,0.7987,0.2491,0.5199,0.7111,-0.044,469.14,491.24,361.4488,77639758126.5454,7,9,
CHD,180,Consumer Staples,-0.0822,-0.2789,0.1309,-0.1151,0.0332,0.0497,0.0446,0.1939,0.135,0.1713,0.1747,0.4565,0.5075,0.0877,94.51,104.5985,80.7542,22418141757.2922,7,9,
LLY,181,Health Care,-0.084,-0.7344,0.0261,0.9966,0.025,,,0.0317,,0.7884,,,0.87,0.5913,1136.11,1280.34,710.1115,1069485161327.7397,6,8,
CRM,182,Information Technology,-0.0848,0.3843,-0.1735,-0.8458,0.0459,0.072,0.0362,0.1824,0.098,0.2518,0.1988,0.7728,1.0237,-0.2059,255.65,264.8822,150.12,210399944976.8066,7,9,BASSO
TDG,183,Industrials,-0.0851,-0.3975,0.5279,-0.6864,0.0355,0.0321,0.0512,,0.1777,,0.5804,0.7508,,-0.0391,1085.0,1450.0,1085.0,59975029625.0,5,9,
WAB,184,Industrials,-0.0881,-0.3594,-0.405,1.0885,0.027,0.0365,0.037,0.2387,0.0852,0.1132,0.1639,0.3497,0.586,0.6021,278.12,305.4747,184.7866,46977485055.36,5,9,
T,185,Communication Services,-0.0899,0.4999,-0.5941,-0.2613,0.1177,0.1072,0.0853,,,,0.2012,,,-0.1275,26.72,28.4181,20.2094,183095739862.8402,6,8,
ULTA,186,Consumer Discretionary,-0.0913,-0.2111,0.1063,-0.2466,0.052,0.0494,0.0675,0.1136,0.3706,0.4577,0.1246,0.3932,0.3026,-0.0623,544.32,706.82,450.75,23273746927.8851,5,9,
BSX,187,Health Care,-0.0919,0.442,0.3063,-1.9562,0.0577,0.057,0.0612,0.3921,0.1351,0.1471,0.1978,0.6993,0.1929,-0.485,43.87,104.98,42.63,63577697757.6759,8,9,BASSO
NDSN,188,Industrials,-0.0929,-0.2642,-0.2109,0.4856,0.0322,0.042,0.0425,0.1898,0.1349,0.1698,0.2688,,0.5295,0.3843,309.25,333.6978,218.7961,17225028935.5,7,8,
WM,189,Industrials,-0.0929,-0.2753,0.264,-0.4422,0.0329,0.0427,0.0523,0.1143,0.379,0.2875,0.1757,,0.0,0.0492,217.25,243.3986,193.538,86838123724.0,5,8,
DVN,190,Energy,-0.0948,0.4506,-0.6252,-0.1251,0.0581,0.1413,0.033,0.7394,0.0331,0.0786,0.1122,,0.2728,0.4353,51.33,51.3696,30.9511,56463002014.1602,6,8,
MCK,191,Health Care,-0.095,0.0686,-0.2915,-0.0293,0.0438,0.0612,0.0593,,0.6,,0.0158,0.0364,,0.2269,899.56,993.5343,687.4236,104880026655.6356,5,9,
PCAR,192,Industrials,-0.0966,0.0696,-0.4539,0.2859,0.0388,0.0573,,0.3153,,0.1232,,,0.0,0.3122,122.46,137.845,90.7624,64458651662.4785,3,7,
VLTO,193,Industrials,-0.0999,-0.1358,0.3104,-0.8488,0.0413,0.0444,0.0524,0.1281,0.2455,0.3225,0.2312,0.5986,0.8859,-0.0977,95.48,107.2284,82.109,23449818742.1404,5,9,
TECH,194,Health Care,-0.1,-0.6933,0.202,0.4826,0.0097,0.0232,0.0227,0.1858,0.1032,0.052,0.2073,0.6577,0.0,0.4087,72.34,72.47,43.1722,11344230762.6345,5,9,
UNH,195,Health Care,-0.101,0.0556,-0.1999,-0.2168,0.0419,0.07,0.0573,0.0979,0.2507,0.4277,0.0482,,2.1048,0.1603,375.93,433.6796,255.9728,337432824258.529,6,8,
MLM,196,Materials,-0.1011,0.0161,0.2347,-1.007,0.0807,0.0266,0.0363,0.3793,0.0605,0.2128,0.2094,0.2883,0.5154,-0.115,506.81,705.0883,500.92,30441967716.9449,7,9,
GEHC,197,Health Care,-0.1106,0.3495,-0.1968,-0.8583,0.0655,,0.0716,0.366,0.1094,0.1789,0.1263,0.3915,0.9499,-0.0675,64.07,88.0324,59.4514,29144916590.198,3,9,ALTO
PFE,198,Health Care,-0.1116,0.1997,-0.4257,-0.1062,0.0276,0.07,,0.5425,,0.0509,,,0.047,0.1996,27.55,29.02,22.0533,157026003028.4442,4,8,
HSY,199,Consumer Staples,-0.1126,-0.1793,0.1453,-0.4949,0.039,0.0584,0.0503,0.1216,0.1771,0.3212,0.1778,0.3838,1.1191,0.0052,170.42,232.6481,157.5587,38140885693.8604,4,9,
HPE,200,Information Technology,-0.1133,0.1162,-0.7685,0.738,0.0376,,0.029,0.3574,0.0619,0.1053,0.0621,,0.8202,1.3676,55.88,62.09,19.7151,74178733268.4054,4,8,
ITW,201,Industrials,-0.118,-0.2285,0.0617,-0.2566,0.0418,0.0382,0.0524,0.1077,0.2192,0.3875,0.265,,0.932,0.1162,268.6,297.32,236.5847,76497281738.2812,4,8,
OMC,202,Communication Services,-0.1182,-0.0383,-0.6114,0.7083,0.0028,0.1314,0.0239,0.4147,0.0238,0.0067,0.0322,,0.9826,0.1464,79.85,88.94,65.9009,22757744315.7151,3,8,
GE,203,Industrials,-0.1209,-0.3396,-0.0814,0.2376,0.0282,0.0266,0.0793,0.0554,,0.5086,0.2237,,1.1604,0.2947,307.05,381.22,272.9098,318583556951.092,4,8,
FICO,204,Information Technology,-0.1213,-0.0037,0.1785,-0.9562,0.0383,0.0468,0.0464,,0.6,,0.5165,,,-0.3156,985.96,1879.55,922.37,21294404679.1574,6,8,
STE,205,Health Care,-0.1233,0.1139,0.0073,-0.8589,0.0393,0.0451,0.0527,0.3515,0.1012,0.1117,0.1891,0.4443,0.229,-0.0678,210.28,266.3608,198.7934,20502323011.7813,9,9,BASSO
TXN,206,Information Technology,-0.1253,-0.4123,0.102,-0.0057,0.0252,0.0223,0.0289,0.0748,0.2238,0.3361,0.3729,0.5833,0.7804,0.6287,263.43,330.5874,150.7935,240576831234.1542,7,9,
ANET,207,Information Technology,-0.1266,-0.6045,0.4122,-0.2484,0.0166,0.0216,0.0189,0.0608,0.2946,0.2733,0.4314,0.63,0.0,0.3876,192.84,210.5,116.13,243214556501.5774,4,9,
DHI,208,Consumer Discretionary,-0.1284,0.4296,-0.5025,-0.4959,0.0779,0.0817,,0.6074,,0.1282,,,0.0,-0.1277,140.2,172.875,131.7376,39214116779.8195,3,7,ALTO
RCL,209,Consumer Discretionary,-0.1287,-0.3672,0.182,-0.2733,0.066,-0.0062,0.0709,0.1535,0.3216,0.4297,0.2732,,0.6057,-0.0693,249.3,344.4,243.3067,66675805357.399,6,8,
CAT,210,Industrials,-0.1297,-0.8553,-0.6202,2.3023,0.0121,0.0297,0.0341,,,,0.1752,,,1.0406,783.54,1062.9282,432.0509,360173652426.7817,7,8,
HUBB,211,Industrials,-0.1306,-0.3125,0.0264,-0.0809,0.0385,,0.0507,0.1612,0.2084,0.2386,0.2057,0.3533,0.3833,0.1797,442.38,554.4604,402.4498,23376145567.2765,6,9,
UBER,212,Industrials,-0.1313,0.4208,-0.1259,-1.2465,0.0657,0.0693,0.0436,0.1872,0.1905,0.3507,0.1213,,0.4658,-0.2414,71.43,100.1,65.94,145900070066.3699,6,8,
ALLE,213,Industrials,-0.133,0.0587,-0.0015,-0.7797,0.049,0.0515,0.0603,0.1003,0.2481,0.4884,0.2083,,1.5407,-0.0727,154.6,177.7255,124.6913,13146687634.6234,5,8,
CMS,214,Utilities,-0.1376,0.026,-0.1858,-0.3686,0.0496,-0.0223,0.0588,0.4728,0.0752,0.105,0.1944,,0.8137,0.0286,65.92,78.6889,65.92,20671004230.9431,6,8,
CNC,215,Health Care,-0.1409,-0.1197,-1.2685,2.0721,-0.1526,0.25,-0.2107,0.675,-0.3546,-0.226,-0.0316,0.0905,0.7753,0.9733,67.66,69.41,31.77,33423703509.0637,4,9,
FERG,216,Industrials,-0.1456,-0.137,-0.1586,-0.1368,0.047,,0.0609,0.149,0.2116,0.3156,0.0879,0.3068,0.6733,0.1595,215.11,265.6917,210.4965,41613614071.9442,5,9,
WST,217,Health Care,-0.1474,-0.7163,0.1892,0.3175,0.022,0.017,0.0267,0.1164,0.1955,0.1889,0.2045,0.3679,0.0679,0.3501,365.0,365.5013,230.6254,25687153130.0,7,9,
META,218,Communication Services,-0.1492,-0.2763,0.257,-0.7074,0.0461,0.0277,0.0562,0.1767,0.2053,0.2607,0.3808,,0.3203,-0.2535,670.24,777.7011,525.2332,1477965310337.702,3,7,
HWM,219,Industrials,-0.1526,-0.9662,0.1391,0.8913,0.0209,0.02,0.0271,0.064,0.2489,0.3264,0.2737,,0.5321,0.5309,224.67,292.65,183.7075,89598709583.1028,7,8,
VMC,220,Materials,-0.1526,-0.1993,0.2167,-0.7977,0.0344,0.0345,0.0454,0.2614,0.1018,0.1317,0.2057,0.2768,0.5163,-0.0469,249.2,328.4807,249.2,32334916946.0195,9,9,
A,221,Health Care,-0.1616,-0.3848,0.0459,-0.1301,0.034,0.0299,0.037,0.1738,0.1539,0.1956,0.2223,,0.495,0.1911,150.27,159.0,109.7779,42365450095.11,5,8,
DHR,222,Health Care,-0.163,-0.2018,0.0119,-0.4354,0.0272,0.0371,0.0305,0.3573,0.0585,0.0761,0.2042,0.5851,0.5051,0.0827,209.36,241.0351,161.5748,147177160694.5086,5,9,
AMD,223,Information Technology,-0.1632,-0.8218,-0.3438,1.5152,0.0078,0.0102,0.0079,0.0817,0.0769,0.0957,0.1571,0.532,0.0,2.1397,504.2,580.91,157.39,823093936104.0739,8,9,
AME,224,Industrials,-0.164,-0.4074,-0.1939,0.3825,0.0293,0.034,0.0367,0.2095,0.129,0.14,0.259,,0.2028,0.3471,234.45,258.1438,178.1901,53750297956.1502,5,8,
AWK,225,Utilities,-0.1652,-0.2943,0.1589,-0.5552,0.0411,-0.0376,0.0529,0.4253,0.0724,0.0967,0.3705,,0.8278,0.0032,138.02,141.5679,120.3296,27428575910.8418,5,8,
NSC,226,Industrials,-0.166,-0.2948,-0.1804,0.1206,0.0366,0.0227,0.0498,0.226,0.1244,0.1622,0.3219,,0.6299,0.2525,320.22,352.98,272.3594,71924093476.2401,6,8,
KEYS,227,Information Technology,-0.1674,-0.3356,-0.3186,0.4713,0.0236,0.0275,0.025,0.1232,0.1859,0.1918,0.2025,,0.383,1.1026,313.36,373.34,159.49,53347890799.3805,4,8,
MRK,228,Health Care,-0.1682,-0.6254,-0.4709,1.3514,0.0089,0.0453,,0.1182,,0.0757,,,0.4316,0.7174,143.79,155.5319,75.3864,354754593263.7573,4,8,
LH,229,Health Care,-0.1707,0.0153,-0.3661,-0.1518,0.0381,0.044,0.0463,0.3276,0.0806,0.1165,0.1043,0.2888,0.7209,0.1834,323.97,338.614,244.1703,26273967098.999,7,9,
HPQ,230,Information Technology,-0.1714,0.4805,-0.6416,-0.5351,0.0804,,0.0894,,0.5171,,0.0545,0.1987,,0.1027,33.82,35.48,17.5237,30498570296.3752,6,9,
TT,231,Industrials,-0.1729,-0.4681,0.0667,-0.0617,0.0317,0.0383,0.0416,0.0927,0.2813,0.342,0.1794,,0.5352,0.1866,422.73,502.2726,373.7903,93010400030.4568,8,8,
ETR,232,Utilities,-0.1752,-0.6199,-0.3827,1.1291,0.05,-0.0601,0.0403,0.3681,0.0521,0.1358,0.2592,,1.8837,0.2332,102.92,116.6636,85.6957,47120075806.0844,6,8,
TMUS,233,Communication Services,-0.1777,0.1689,-0.2884,-0.6497,0.0545,0.095,0.0659,0.2906,0.0998,0.1877,0.198,,1.5335,-0.2372,180.47,234.7803,166.7675,193585047307.5236,6,8,
ISRG,234,Health Care,-0.1789,-0.5662,0.5945,-0.9513,0.0236,,0.0264,0.1364,0.1859,0.1728,0.3128,0.6668,0.0,-0.1006,377.16,592.85,332.02,133242346105.8228,7,9,
NOC,235,Industrials,-0.18,0.2793,-0.4458,-0.5671,0.0596,0.0483,0.0517,0.237,0.1256,0.2514,0.1072,,0.8777,0.0041,531.25,761.1927,493.7743,75470982562.5,6,8,
LIN,236,Materials,-0.1812,-0.3697,0.2353,-0.6374,0.0339,0.0233,0.0405,0.1831,0.1271,0.1854,0.2645,,0.5924,0.0052,462.96,544.8458,385.5834,213415372323.4405,4,8,
ZBRA,237,Information Technology,-0.1817,0.2849,-0.4989,-0.4806,0.0332,0.0558,0.0456,0.2118,0.1077,0.1569,0.1467,0.4958,0.8082,0.1569,342.73,383.06,199.3,16214783021.5704,5,9,
VEEV,238,Health Care,-0.1855,-0.4842,0.5479,-1.0546,0.0235,0.0385,0.025,0.1722,0.1408,0.1366,0.2993,0.7496,0.0,-0.1373,266.62,306.22,151.43,43168136796.4294,6,9,
BKR,239,Energy,-0.1863,-0.3562,-0.0298,-0.1596,0.055,,0.0608,0.3536,0.1915,0.1555,0.1111,0.1599,0.0014,0.4243,56.72,69.1833,43.7853,56304474518.8803,5,8,
CAH,240,Health Care,-0.1864,0.0959,-1.0507,0.9775,0.0317,0.0836,0.0505,,,,0.0103,0.0384,,0.5846,232.65,248.61,145.9521,54108741699.6704,7,9,BASSO
PKG,241,Materials,-0.188,-0.2456,-0.231,0.0134,0.0336,0.036,0.0429,0.2263,0.095,0.1484,0.1086,0.2011,0.8564,0.2167,231.21,255.7746,186.9443,20600418309.9841,4,9,
QCOM,242,Information Technology,-0.1885,-0.2149,0.0522,-0.6171,0.047,,0.0497,0.0249,0.6,0.8,0.2319,,2.6036,0.0213,187.8,248.7425,122.9443,197190003204.3457,6,8,
IP,243,Materials,-0.1956,0.3904,-0.4409,-0.8771,-0.191,0.1174,0.0808,0.8031,0.0782,-0.2378,0.0914,0.3006,0.5999,-0.0728,33.99,47.4479,28.6222,18000081619.9155,3,9,ALTO
MCD,244,Consumer Discretionary,-0.1959,-0.3719,0.0863,-0.4085,0.0491,0.0434,0.0587,,0.2653,,0.4622,,,-0.1047,252.78,334.5029,252.53,178877625342.3598,5,8,
CMG,245,Consumer Discretionary,-0.1969,-0.6964,0.4469,-0.4855,0.0322,0.0356,0.0415,0.0499,0.6,0.6452,0.1465,,0.0,-0.1249,34.83,42.36,28.18,44074511257.0496,6,8,
MMM,246,Industrials,-0.1995,-0.3593,-0.0807,-0.1175,0.0353,0.0469,0.0485,0.0348,0.2661,0.8,0.1836,,4.269,0.1665,164.67,182.979,139.8613,84924009463.074,5,8,
RDDT,247,Communication Services,-0.1997,-0.3766,0.4479,-1.1412,0.0374,0.0437,0.036,0.1409,0.433,0.2651,0.2825,,0.0,-0.376,159.63,270.71,121.84,23322454529.3945,5,7,
SLB,248,Energy,-0.2004,-0.3126,-0.3508,0.3249,0.0386,0.0597,0.0767,0.3241,0.1601,0.1189,0.1865,,0.4272,0.5787,54.2,59.7898,30.963,80440564252.5114,4,8,
OTIS,249,Industrials,-0.2028,-0.0231,0.0762,-1.1203,0.0581,,0.0684,,0.6,,0.1535,,,-0.1958,68.5,92.4955,67.89,26075849721.5,5,8,
HAL,250,Energy,-0.203,-0.2639,-0.4686,0.4501,0.0539,,0.0737,0.3705,0.1232,0.1455,0.1216,,0.6422,0.6186,35.67,42.6002,21.3576,29717758665.3827,5,8,
PH,251,Industrials,-0.2138,-0.5484,-0.244,0.516,0.0244,0.0335,0.041,0.1321,0.1811,0.1846,0.2357,0.1321,0.4851,0.3953,925.0,1071.7115,710.742,116593908825.0,9,9,
OXY,252,Energy,-0.2181,0.2378,-0.537,-0.4921,0.0681,0.0837,,0.6574,,0.1035,,,0.3066,0.3182,63.52,65.6343,38.3819,63496966263.5177,4,8,
CTAS,253,Industrials,-0.2194,-0.8293,0.5693,-0.5769,0.0251,0.0236,0.0323,0.0646,0.3313,0.3891,0.2314,0.5067,0.278,0.0005,198.95,215.969,162.6839,79613732939.7294,8,9,
YUM,254,Consumer Discretionary,-0.2204,-0.2353,-0.2896,-0.0524,0.0577,0.0437,0.0677,,,,0.3099,,,-0.0113,140.77,166.6498,135.5772,38416286901.4092,5,8,
FAST,255,Industrials,-0.2208,-0.8759,0.4802,-0.3127,0.0238,0.0204,0.0314,0.0718,0.3393,0.3323,0.2029,0.447,0.0295,0.096,49.41,52.38,38.5169,56697854906.8358,7,9,
RTX,256,Industrials,-0.221,-0.2547,-0.5904,0.5851,0.0294,0.0433,0.0354,0.2519,0.0859,0.1166,0.1121,,0.6189,0.4203,195.5,225.49,154.7038,263486717152.0,7,8,
TRGP,257,Energy,-0.224,-1.0539,0.0812,0.8255,0.037,0.0121,0.0475,0.0597,0.1306,0.6202,0.2713,0.1806,5.0,0.7383,285.68,302.25,143.2203,61258652508.7403,6,9,
IT,258,Information Technology,-0.2243,0.3193,-0.4228,-0.9146,0.0628,,0.0893,,,,0.1725,0.7008,,-0.2742,195.62,264.09,125.73,12353202376.7754,7,9,BASSO
IR,259,Industrials,-0.2252,-0.0667,-0.2658,-0.4613,0.0344,,0.0487,0.3648,0.084,0.0942,0.1808,0.4282,0.273,0.0423,71.91,98.6875,68.5238,27901040360.2863,5,9,
BG,260,Consumer Staples,-0.2268,-0.7696,-0.5937,1.5924,0.0289,-0.0491,,0.6792,,0.0426,,0.1994,0.7048,0.4585,121.76,130.5866,75.2108,23623646096.8674,3,8,
PWR,261,Industrials,-0.2268,-0.9662,-0.5221,1.8422,0.0144,0.0259,0.0218,0.1045,0.1422,0.1377,0.0619,0.1546,0.1949,0.8744,613.35,785.1201,375.6901,92213116426.057,4,9,
EMR,262,Industrials,-0.2305,-0.2799,-0.3023,0.0121,0.0314,0.0422,,0.2485,,0.1265,,0.5108,0.4379,0.2133,147.0,163.8244,122.3354,81996600000.0,7,9,
CHTR,263,Communication Services,-0.2312,0.7987,-0.6799,-1.3935,0.1287,0.1139,0.0961,0.4431,0.0877,0.2905,0.2328,,5.0,-0.4473,141.2,282.74,123.31,38255008486.7939,5,7,
BLDR,264,Industrials,-0.2333,1.0013,-0.6621,-1.8449,0.0158,0.0987,0.0639,0.6183,0.0694,0.0256,0.0301,0.2919,0.1021,-0.4991,60.2,140.17,58.97,6477306793.4896,5,9,
LHX,265,Industrials,-0.2333,0.4101,-0.7031,-0.5807,0.0403,0.0604,0.0447,0.4277,0.0764,0.0943,0.1036,0.0836,0.3502,-0.0009,249.66,373.8531,245.54,46490341712.4983,9,9,BASSO
NFLX,266,Communication Services,-0.2364,-0.3884,0.3532,-1.1116,0.0421,0.0344,0.0427,0.093,0.2857,0.4527,0.2968,0.034,0.6811,-0.3677,77.9,124.135,67.6,324370907114.0678,5,9,
ECL,267,Materials,-0.2368,-0.4761,0.1643,-0.5604,0.0275,0.0244,0.0359,0.1306,0.1848,0.2105,0.1693,,0.7558,0.0302,274.6,305.8773,244.4128,76978236094.79,4,8,
MPWR,268,Information Technology,-0.237,-0.7054,0.0909,0.044,0.0143,0.0104,0.0171,0.0694,0.2659,0.2065,0.2872,0.552,0.0,0.6781,1142.46,1687.3154,843.8057,56143909860.3516,5,9,
TRMB,269,Information Technology,-0.239,0.1833,-0.3043,-0.9532,-0.0076,0.0564,0.0432,0.3728,0.1022,-0.0205,0.1699,0.698,0.2724,-0.3126,58.8,83.52,48.87,13710974884.4979,4,9,
PLTR,270,Information Technology,-0.2417,-0.9583,0.6694,-0.6307,0.0073,0.0081,0.0064,0.0236,0.3357,0.3086,0.428,0.848,0.0,0.0078,172.56,207.18,107.27,414643900453.5522,8,9,
MAR,271,Consumer Discretionary,-0.2422,-0.6664,-0.6076,1.3371,0.0294,0.034,0.0486,,,,0.158,,,0.3533,337.24,401.7236,256.9008,87940820418.5742,7,8,
AVY,272,Materials,-0.2433,-0.0845,-0.3348,-0.3777,0.0542,0.0818,,0.1787,,0.3035,,0.2898,1.3772,0.0896,171.52,194.0973,152.1259,12999182439.6419,5,9,
KMB,273,Consumer Staples,-0.2461,-0.1758,0.0654,-1.0098,0.0596,,0.064,0.0533,0.2299,0.8,0.1516,0.3676,4.2297,-0.1066,98.68,119.4738,90.7009,32818899571.3351,3,9,
HRL,274,Consumer Staples,-0.2462,0.1852,-0.5925,-0.4163,0.03,0.0682,0.0443,0.6855,0.0403,0.0437,0.0472,0.1568,0.2995,0.0223,20.79,26.1959,19.5061,11441793635.8612,5,8,
ES,275,Utilities,-0.2467,-0.1135,-0.7551,0.5036,-0.0172,0.0118,0.0602,0.6454,0.0579,-0.0266,0.2155,,1.6284,0.1478,67.21,75.39,60.5283,25316309871.484,4,8,
ON,276,Information Technology,-0.2536,0.0415,-0.7253,0.0994,0.0221,0.0527,0.0227,0.2533,0.0408,0.0873,0.1081,0.3772,0.6241,0.7331,73.2,133.93,44.9,28497616789.1149,5,9,
TMO,277,Health Care,-0.2555,-0.4095,-0.2294,0.0003,0.0294,0.0309,0.0296,0.2221,0.0842,0.1323,0.1758,,0.8027,0.2374,641.39,641.39,437.5656,237152217183.76,4,8,
ADM,278,Consumer Staples,-0.2564,-0.4662,-0.7754,1.2009,0.0424,0.0402,,,,,,0.2256,,0.3735,86.61,86.91,54.4103,41742519777.7948,5,8,
SNPS,279,Information Technology,-0.2579,0.114,-0.4324,-0.6529,0.0153,0.039,0.0104,0.4421,0.0177,0.0346,0.0852,0.7238,0.3222,-0.0143,367.7,534.56,367.7,70464797073.5145,3,9,ALTO
IQV,280,Health Care,-0.2595,-0.3989,-0.334,0.1686,0.0308,,0.0409,0.1382,0.1232,0.2226,0.1323,,1.7332,0.2972,269.67,271.62,156.66,45007925241.0889,4,8,
BR,281,Industrials,-0.261,0.3685,-0.2932,-1.4556,0.0579,0.0659,0.0584,0.1463,0.1142,0.3958,0.174,0.1903,1.1458,-0.3169,170.25,244.2088,134.6109,19412211109.5,9,9,BASSO
SRE,282,Utilities,-0.2621,-0.3157,-0.2714,-0.1361,0.0369,,,0.6074,,0.0607,,,0.0,0.0604,81.2,99.0422,80.0532,53079629740.2963,4,8,
FFIV,283,Information Technology,-0.2639,-0.2229,-0.2286,-0.4167,0.0298,0.0397,0.0356,,,,0.2454,0.8187,,0.2204,430.88,431.26,223.99,24399520456.6599,8,9,
EXC,284,Utilities,-0.2669,-0.0218,-0.6402,-0.0107,0.0271,-0.0501,0.0568,0.6789,0.0558,0.0399,0.2105,,1.6861,0.0775,42.2,49.3516,41.2167,43179384373.0459,4,8,
SBUX,285,Consumer Discretionary,-0.2698,-0.9332,-0.382,1.2811,0.018,0.0331,0.0248,,0.6,,0.0777,,,0.3386,96.58,108.49,76.5076,110101202087.4024,4,8,
F,286,Consumer Discretionary,-0.2699,-0.1323,-1.0314,0.9778,0.0797,,-0.2172,0.7443,-0.2272,0.1071,-0.0377,,0.0078,0.259,13.5,17.2531,10.9017,50318994852.0,5,7,
CRL,287,Health Care,-0.2766,-0.8957,-0.7043,1.8172,-0.0183,,0.0062,0.218,0.0212,-0.084,0.0225,,0.5672,0.8828,272.88,298.58,145.57,13026983624.46,4,8,
HII,288,Industrials,-0.2784,0.0202,-0.6761,-0.0804,0.06,-0.0077,0.0502,0.4607,0.0686,0.1303,0.0529,,0.5726,0.1799,279.46,449.6816,266.8157,11012008620.3708,7,8,
BKNG,289,Consumer Discretionary,-0.2826,-0.4812,-0.0813,-0.2879,0.0046,0.0741,0.0713,,,,0.3287,0.4402,,-0.0731,171.32,221.006,153.3731,128726512763.2752,6,9,
ABBV,290,Health Care,-0.2832,-0.5177,-0.1181,-0.1444,0.0136,0.0392,0.0323,,0.2356,,0.2758,,,0.186,263.04,265.97,195.985,464822545746.2792,6,8,
NWS,291,Communication Services,-0.2832,-0.3574,-0.443,0.1847,0.0293,0.0404,,0.4359,,0.0672,,,0.2333,-0.0015,33.78,35.2141,25.4791,19558619293.2129,4,7,
NWSA,292,Communication Services,-0.2835,-0.2975,-0.443,0.0633,0.0325,0.0449,,0.4838,,0.0672,,,0.2333,-0.0358,30.44,31.0854,22.232,17624760309.2194,4,7,
TKO,293,Communication Services,-0.2839,-0.3941,-0.3495,0.0678,0.0165,,0.0556,0.2443,0.1136,0.0676,0.1882,,1.3632,-0.0345,190.13,222.2776,173.7329,13900613419.7278,6,7,
ORCL,294,Information Technology,-0.2871,-0.4693,0.3011,-1.0991,0.0446,-0.0677,0.0594,0.1573,0.5923,0.2834,0.3212,0.3377,0.0,-0.5091,140.35,324.452,114.99,424381366055.4199,4,9,
COHR,295,Information Technology,-0.2958,-0.797,-0.7823,1.6794,0.0152,-0.0193,0.0017,0.2053,0.0069,0.0738,0.0135,,0.2955,2.3028,271.17,426.89,103.41,53103832777.4034,5,8,
BALL,296,Materials,-0.2969,-0.0294,-0.754,0.082,0.0275,0.0512,0.0489,0.3558,0.0691,0.0773,0.0797,0.1237,1.3366,0.239,61.01,67.0972,45.7705,16149551366.2742,5,9,
SW,297,Materials,-0.298,0.0419,-0.6247,-0.324,0.0217,,0.0416,0.7867,0.033,0.0276,0.0471,0.1793,0.7331,0.107,43.71,50.7913,31.8451,22926895828.4649,7,9,
CDW,298,Information Technology,-0.2981,0.4802,-0.8268,-0.7973,0.0562,0.0448,0.0709,0.1271,0.1815,0.4424,0.0714,0.2136,1.9688,-0.1577,153.74,163.9515,98.2454,19220179759.9812,5,9,
GLW,299,Information Technology,-0.2989,-0.6115,-0.4386,0.6059,0.0154,,0.0208,0.1016,0.1657,0.1513,0.1531,0.3638,0.2753,1.2364,143.57,255.2094,76.2153,123669528990.6666,7,9,
AMZN,300,Consumer Discretionary,-0.2994,-0.3254,-0.6645,0.4827,0.0505,0.0575,0.0343,0.2059,0.1196,0.2452,0.1208,0.0071,0.2411,0.1291,248.42,284.02,198.79,2679535997805.91,6,9,
VRSN,301,Information Technology,-0.2999,-0.3015,-0.107,-0.6826,0.0128,0.0397,0.0446,,,,0.6786,,,-0.0438,297.26,309.0927,210.3115,26842578881.8359,8,8,
AVGO,302,Information Technology,-0.302,-0.7159,0.2369,-0.5523,0.0036,0.0243,0.0259,0.0154,0.6,0.2364,0.4805,0.6877,2.3824,0.0857,339.27,480.8091,292.9464,1619549351853.886,7,9,
ABT,303,Health Care,-0.3042,-0.1,-0.129,-1.0628,0.0353,0.0415,0.0419,0.2929,0.1021,0.1206,0.1707,,0.2483,-0.1402,102.03,133.5335,81.9753,177717120004.6341,4,8,
XYL,304,Industrials,-0.3085,0.0892,-0.346,-1.029,0.0406,,0.0493,0.4152,0.0848,0.0977,0.1448,0.3924,0.2828,-0.1628,107.5,150.8356,105.5231,25099832290.0,6,9,
WBD,305,Communication Services,-0.3098,-0.8332,-0.8069,1.731,-0.045,0.031,-0.0128,0.4666,-0.0172,-0.0964,-0.0352,,0.9752,0.4353,28.03,29.98,17.1,70375015615.3832,6,8,
AZO,306,Consumer Discretionary,-0.3104,-0.3061,0.0812,-1.1023,0.0531,0.035,0.0707,,0.6,,0.1802,0.5175,,-0.2868,2860.25,4290.2402,2860.25,46694596638.75,5,9,
ORLY,307,Consumer Discretionary,-0.3106,-0.5958,0.1121,-0.5855,0.0385,0.0313,0.0499,,0.6,,0.1956,0.5164,,-0.1512,85.16,107.81,82.73,68891104009.2229,6,9,
SWKS,308,Information Technology,-0.311,0.195,-0.6329,-0.6792,0.0214,0.0321,0.0231,0.4237,0.0499,0.0506,0.0761,0.4073,0.0866,-0.0404,90.0,90.0,52.0477,13542550380.0,6,9,
PPL,309,Utilities,-0.3122,-0.1765,-0.4,-0.4078,0.0488,-0.0649,0.0515,0.5573,0.0559,0.0875,0.2334,,1.3561,0.0233,33.23,39.1669,32.4792,25000602184.8613,5,8,
ADP,310,Industrials,-0.3123,-0.6304,0.2285,-0.7575,0.0402,,,0.0549,,0.7318,,,0.0059,-0.0647,276.53,285.6519,186.1769,109855064177.6701,6,8,
NKE,311,Consumer Discretionary,-0.3124,0.4445,-0.3578,-1.7355,0.1003,0.0705,,0.4798,,0.2091,,0.4291,0.5343,-0.4529,36.22,72.1898,36.22,30980835597.7104,4,8,
DPZ,312,Consumer Discretionary,-0.3129,0.0876,-0.402,-0.9358,0.058,0.0636,0.0968,,,,0.1952,0.4002,,-0.2431,310.82,440.4211,281.2904,10282465114.9979,8,9,BASSO
SYY,313,Consumer Staples,-0.313,-0.2271,-0.42,-0.2707,0.0461,,0.0659,0.0699,0.2083,0.659,0.0366,0.185,3.9716,0.0539,79.6,89.8822,68.3286,38136042142.5575,7,9,
VRSK,314,Industrials,-0.327,-0.2159,0.1118,-1.4266,0.0386,0.0478,0.0491,,0.341,,0.4403,,,-0.3064,180.08,252.541,155.9952,23594413187.1082,5,8,
DE,315,Industrials,-0.3323,-0.4809,-0.4688,0.2379,0.0264,0.0326,0.0435,0.1518,0.1319,0.1741,0.1884,,1.1592,0.2949,684.04,698.37,435.1921,184434560900.0935,4,7,
GNRC,316,Industrials,-0.3333,-0.3238,-0.4852,-0.0486,0.025,0.0367,0.0365,0.2786,0.079,0.0897,0.095,0.3954,0.5143,0.1914,175.03,295.54,136.37,10327883293.8008,5,9,
JCI,317,Industrials,-0.3334,-0.6485,-0.4994,0.6288,0.0418,,0.0104,0.1602,0.036,0.2612,0.0395,0.3656,0.6802,0.4361,138.29,154.76,104.9353,84372882642.6349,5,9,
WDAY,318,Information Technology,-0.3379,0.0579,-0.5121,-0.7812,0.0298,0.0678,0.0245,0.154,0.1203,0.1937,0.1068,,0.4627,-0.1417,190.67,247.69,112.5,41947399597.168,6,7,
IBM,319,Information Technology,-0.3383,0.077,-0.5614,-0.7228,0.0458,0.0589,,0.1472,,0.3113,,0.581,1.827,-0.0837,248.37,326.8851,204.3044,233997913844.0344,6,9,
HLT,320,Consumer Discretionary,-0.3424,-0.7907,-0.4495,0.7685,0.0229,0.0293,0.0427,,,,0.2335,,,0.2041,307.79,350.0606,256.2473,69272730572.0621,5,8,
PEG,321,Utilities,-0.3436,-0.0669,-0.2613,-1.0614,0.0573,0.0079,0.0496,0.3741,0.0702,0.1532,0.2314,,1.7967,-0.066,70.42,84.7417,70.42,35098737599.9657,7,8,
WMT,322,Consumer Staples,-0.3443,-0.7032,-0.1497,-0.0158,0.0257,0.0158,0.0365,0.1146,0.1984,0.2247,0.0443,,0.3885,0.1092,108.09,133.8795,99.77,857558602135.4435,6,8,
MDLZ,323,Consumer Staples,-0.3454,-0.3635,-0.3429,-0.3139,0.0327,0.0323,0.0395,0.323,0.0691,0.1013,0.0935,0.2877,0.6165,0.0445,62.1,64.99,50.6433,79714648509.9059,6,9,
KLAC,324,Information Technology,-0.3522,-0.7803,-0.3305,0.4605,0.022,0.0172,0.0028,0.0289,0.0514,0.7608,0.0465,,0.9272,1.0919,168.02,301.3694,97.7477,219525996061.8301,6,8,
WAT,325,Health Care,-0.3545,-0.5577,-0.5061,0.3552,0.0041,,0.0079,0.3708,0.0166,0.0109,0.0708,0.2654,0.0928,0.3635,417.09,421.26,283.32,40978304257.1947,4,9,
CHRW,326,Industrials,-0.3578,-0.4622,-0.279,-0.3065,0.0344,0.0363,0.0418,0.0884,0.2153,0.3891,0.049,,1.0352,0.0982,157.63,208.5206,122.522,18419264369.1028,7,8,
NVR,327,Consumer Discretionary,-0.37,-0.1115,-0.3532,-0.9206,0.0684,0.0628,,0.2034,,0.3366,,,0.177,-0.2391,6257.4502,8277.9502,5563.6201,16675228727.4805,4,7,
CTVA,328,Materials,-0.3715,-0.4398,-0.3049,-0.3683,0.0181,0.0009,,0.4522,,0.0401,,,0.0,0.0926,83.39,90.3175,60.4322,55637474032.7759,5,8,
COR,329,Health Care,-0.3722,-0.1501,-0.5599,-0.4411,0.0425,0.0658,0.0431,0.0495,0.1861,0.8,0.0091,0.0397,3.8425,0.0807,323.29,372.5274,251.6712,61692515803.4532,6,9,
AEE,330,Utilities,-0.3749,-0.5911,-0.4695,0.2465,0.0183,-0.0491,0.0454,0.4799,0.0598,0.0382,0.2487,,1.4197,0.1127,103.02,117.4865,95.2421,28520390788.6756,4,8,
TPL,331,Energy,-0.3806,-1.282,0.7975,-0.9341,0.0211,0.0229,0.0265,0.0652,0.3737,0.3237,0.7492,,0.0,0.1773,371.63,538.1021,272.3958,25633061780.0804,3,8,
JBL,332,Information Technology,-0.3839,-0.1802,-0.8197,0.0801,0.0278,0.0421,0.0436,0.0426,0.3183,0.6515,0.0428,0.0923,2.5533,0.714,296.05,385.5467,192.3445,31022216419.3107,5,9,
OKE,333,Energy,-0.3852,-0.1519,-0.6683,-0.2858,0.0612,0.0487,0.0671,0.3841,0.0863,0.1594,0.1552,0.053,1.3733,0.384,94.72,97.51,61.9511,59708615627.7342,5,9,
HCA,334,Health Care,-0.386,0.1033,-0.75,-0.6363,0.0723,0.0843,,,,,,,,0.0113,423.82,543.2316,360.5973,94020145660.8032,6,8,
FLEX,335,Information Technology,-0.3866,-0.2938,-0.9829,0.6204,0.0221,0.0207,0.0343,0.1379,0.1355,0.16,0.0495,0.0937,0.9489,1.2507,108.0,162.07,54.51,39895521624.0,7,9,
TYL,336,Information Technology,-0.3872,-0.0281,-0.4164,-1.0471,0.0224,0.0494,0.026,0.21,0.1038,0.1069,0.1514,0.4721,0.1974,-0.4059,353.13,539.46,275.27,14461476717.5823,8,9,
WYNN,337,Consumer Discretionary,-0.3938,-0.0514,-0.6321,-0.6018,0.0503,0.0887,0.0645,,0.1092,,0.1735,,,-0.1555,86.71,132.1289,86.71,8928865994.3346,6,8,
LOW,338,Consumer Discretionary,-0.3959,-0.0662,-0.5558,-0.7356,0.0608,0.0641,0.0706,,0.2671,,0.1138,0.3308,,-0.1905,194.61,284.2603,194.61,109186722980.0302,5,9,
TSCO,339,Consumer Discretionary,-0.4013,-0.2336,0.0132,-1.5655,0.0588,0.0178,0.0783,0.1529,0.4179,0.3845,0.0851,0.3646,0.057,-0.4083,33.03,58.4625,28.9401,17209955089.0747,6,9,
COP,340,Energy,-0.4019,-0.4367,-0.4897,-0.1569,0.0547,,,0.3852,,0.142,,,0.3489,0.4251,141.22,141.22,83.042,169652880250.8564,6,8,
ROL,341,Industrials,-0.4102,-0.4423,0.1937,-1.5539,0.0327,0.0381,0.044,0.088,0.308,0.3719,0.1865,,0.3407,-0.3524,33.77,64.8632,33.77,16248280513.3309,5,8,
HD,342,Consumer Discretionary,-0.4144,-0.4953,-0.1852,-0.7108,0.0467,,0.0597,0.0545,0.2496,0.8,0.1243,0.3321,2.9727,-0.1841,305.48,411.0691,293.1349,304774237911.4256,4,9,
CDNS,343,Information Technology,-0.4155,-0.5692,-0.1102,-0.7189,0.0155,0.0189,0.0211,0.0868,0.2225,0.1785,0.2825,,0.0,-0.0798,273.96,416.39,265.66,75562549003.1738,5,8,
PG,344,Consumer Staples,-0.4174,-0.19,-0.4546,-0.7977,0.0471,0.0444,0.0557,,,,0.2269,,,-0.0606,146.67,164.7207,135.0344,340924592654.036,6,8,
CNP,345,Utilities,-0.4285,-0.5689,-0.5016,-0.0014,0.0431,-0.1075,0.0473,0.4608,0.0566,0.0935,0.2265,,1.7963,0.0788,37.98,44.7724,36.7037,24845356550.945,5,8,
LYV,346,Communication Services,-0.4288,-0.684,-0.6069,0.4378,0.0034,0.0345,0.0245,0.0021,,0.8,0.0305,,5.0,0.07,170.24,188.46,125.61,40114309620.7754,5,8,
WMB,347,Energy,-0.4308,-1.0009,0.2194,-0.5912,0.0351,-0.0012,0.0545,0.1505,0.3209,0.233,0.302,,0.0,0.2867,71.63,78.2497,54.8398,87615482659.8302,6,8,
COST,348,Consumer Staples,-0.4326,-0.7739,-0.0456,-0.5237,0.0221,0.022,0.029,0.0838,0.3872,0.2638,0.0382,0.0561,0.1975,-0.0011,901.35,1092.5829,846.265,399729609158.2808,5,8,
INTC,349,Information Technology,-0.4362,-1.0303,-1.0291,1.9377,-0.023,0.0058,-0.0001,0.1787,-0.0006,-0.129,-0.0014,0.386,0.5321,3.178,97.14,140.94,24.77,489974156921.3867,6,9,
MCHP,350,Information Technology,-0.4364,-0.413,-0.5078,-0.3406,0.0123,0.0286,0.0181,0.1662,0.0569,0.0742,0.1552,0.6019,0.8311,0.296,71.49,102.0957,47.7688,38819690159.5983,6,9,
VTRS,351,Health Care,-0.4535,-0.9566,-0.8812,1.4082,-0.1838,0.1022,-0.0029,,-0.0052,,-0.0059,0.3493,,0.7375,16.65,17.727,9.1651,19124037447.4474,4,8,
Q,352,Information Technology,-0.4601,-0.1741,-0.6012,-0.75,0.0263,,,0.3029,,0.0868,,,0.5647,,114.59,175.5232,73.3514,23973206176.2254,4,8,
RSG,353,Industrials,-0.4623,-0.3343,-0.4691,-0.7045,0.032,0.0388,0.0411,0.1762,0.112,0.1817,0.1994,,1.1395,-0.0456,223.04,230.9379,197.1544,68297740557.2467,5,8,
KMI,354,Energy,-0.469,-0.3021,-0.4846,-0.7716,0.0506,0.0461,0.0493,0.4616,0.0588,0.1096,0.3204,,1.1798,0.2292,30.77,33.9923,24.8606,68518701297.8791,6,8,
FANG,355,Energy,-0.4694,-0.6391,-0.6836,0.2987,0.0248,,0.0155,0.6398,0.0183,0.0387,0.1316,,0.292,0.5703,211.53,211.53,131.3658,59233551048.2634,5,8,
CVX,356,Energy,-0.4695,-0.4428,-0.4996,-0.4624,0.0479,,,0.4413,,0.1084,,,0.1352,0.3277,217.77,217.77,142.7634,430263718780.3856,6,8,
MTD,357,Health Care,-0.4704,-0.6894,-0.3282,-0.3167,0.034,0.0324,,0.0005,,0.8,,0.6026,5.0,0.1248,1330.4,1506.02,1025.53,26656638582.7738,6,9,
ZTS,358,Health Care,-0.4751,0.0943,-0.3039,-1.9562,0.0862,0.078,,0.1037,,0.8,,,2.8742,-0.4915,73.43,144.75,71.3625,30343009220.9658,5,8,
LITE,359,Information Technology,-0.4913,-1.44,-0.7572,1.9377,-0.0922,0.004,0.0069,0.0617,0.1048,-1.0,0.1741,0.4167,0.5179,4.7409,838.96,1053.09,149.61,75254713970.9473,5,9,
CEG,360,Utilities,-0.4939,-0.3556,-0.0238,-1.7105,0.0376,0.0034,0.0465,0.3473,0.0804,0.1084,0.1855,,0.2315,-0.1546,259.89,401.7044,236.137,92080949918.3595,6,8,
DTE,361,Utilities,-0.4968,-0.4904,-0.6835,-0.1363,0.0466,,0.0414,0.4543,0.0557,0.1026,0.1647,,2.0536,0.0604,130.4,154.43,125.6459,27126890745.4959,5,8,
PANW,362,Information Technology,-0.4991,-0.9213,-0.4436,0.234,0.001,,0.0023,0.0896,0.0148,0.0112,0.0605,0.7036,0.0724,0.8669,375.09,396.0,141.67,306823617004.3946,4,9,
KHC,363,Consumer Staples,-0.511,-0.2416,-0.8123,-0.4472,-0.1158,0.1301,-0.0784,1.2278,-0.0625,-0.0943,-0.1276,0.3337,0.3787,0.0155,24.73,27.1854,20.5046,29325420992.513,5,9,
MRNA,364,Health Care,-0.5321,-1.8406,-0.9897,3.0,-0.0549,-0.0217,-0.059,0.1178,-0.5,-0.4661,-1.0,,0.0874,1.6993,143.77,174.38,22.36,57398145467.2497,2,8,
WEC,365,Utilities,-0.5392,-0.6487,-0.5191,-0.3607,0.019,0.0097,0.0431,0.2814,0.0735,0.0675,0.2284,,2.1089,0.0297,103.51,117.8229,100.8643,33728670330.4194,5,8,
ETN,366,Industrials,-0.5405,-0.8005,-0.5746,0.0478,0.0251,0.0258,0.0216,0.1329,0.0763,0.189,0.1224,,0.9144,0.2262,392.4,459.96,313.2,152408157629.3945,6,8,
CLX,367,Consumer Staples,-0.5419,-0.3188,-0.5527,-0.9665,0.0717,0.0361,,,,,,0.4385,,-0.0972,87.16,124.127,85.1255,10539505395.9872,7,9,
TTWO,368,Communication Services,-0.5429,-0.9592,-0.4526,0.1093,-0.0081,0.0085,-0.004,0.0911,-0.0406,-0.0888,-0.0241,0.5604,0.4803,-0.0228,211.91,262.29,189.69,39623026360.8728,6,9,
GPC,369,Consumer Discretionary,-0.5457,-0.5812,-0.7404,-0.0853,0.0018,0.042,0.0652,0.2506,0.1699,0.0072,0.0571,0.369,1.0596,-0.0199,131.01,145.181,90.7668,18061006138.2937,5,9,
ECHO,370,Communication Services,-0.554,-1.1185,-0.8678,1.2024,-0.25,-0.1651,-0.3,3.0,-0.5,-0.4047,-1.0,,0.1399,0.2859,92.1,141.8,66.93,4391976219.1354,2,7,
NOW,371,Information Technology,-0.5549,-0.6054,-0.2718,-1.0199,0.0114,0.0312,0.0112,0.0853,0.0774,0.1334,0.114,0.7477,0.4342,-0.3788,141.9,192.23,83.0,146724593688.9648,3,9,
DOW,372,Materials,-0.616,-0.7127,-1.0313,0.4082,-0.1208,,,0.7088,,-0.1704,,0.1321,1.0629,0.345,29.85,40.973,19.6787,21514132199.241,3,9,
EFX,373,Industrials,-0.6268,-0.2914,-0.563,-1.4251,0.0352,,0.0468,0.2231,0.0913,0.1578,0.1785,,1.1676,-0.3059,167.08,259.3654,151.4922,19629376638.8013,6,8,
CRWD,374,Information Technology,-0.6276,-1.0975,-0.6172,0.2912,0.0002,0.0065,-0.0005,0.0205,-0.1433,0.0115,-0.0221,0.7525,0.1463,0.9237,242.49,242.49,87.5625,248293965461.2221,5,9,
APTV,375,Consumer Discretionary,-0.6434,0.241,-1.0908,-1.5173,0.0242,0.0558,0.0558,0.9636,0.0326,0.0251,0.0534,0.1164,0.8743,-0.3957,43.75,88.67,43.75,9083958231.25,7,9,BASSO
J,376,Industrials,-0.6727,-0.5289,-0.8453,-0.6148,0.02,0.038,0.0335,0.1925,0.0723,0.1037,0.0434,0.2094,1.0965,-0.0132,144.91,162.7066,106.6712,16960065548.6182,6,9,
VST,377,Utilities,-0.6881,-0.3086,0.0203,-2.8635,0.0467,0.0475,0.0534,0.1154,0.1145,0.4048,0.1877,,3.5744,-0.3121,141.53,217.0162,134.5216,47502448738.6391,6,8,
CARR,378,Industrials,-0.696,-0.7542,-0.7482,-0.4752,0.0284,,0.0328,0.0585,0.1524,0.4857,0.0824,,3.792,0.0373,55.54,75.7277,49.7879,46130437453.8391,4,8,
GIS,379,Consumer Staples,-0.7091,-0.2992,-0.807,-1.333,-0.0045,0.0833,0.0272,0.3774,0.0217,-0.0119,0.0481,,1.828,-0.1768,36.58,48.1163,31.6226,19523054102.9293,5,8,
KR,380,Consumer Staples,-0.7375,-0.5234,-0.7172,-1.2065,0.0276,,0.039,0.1697,0.0866,0.1627,0.0133,,2.3761,-0.1494,62.25,74.6913,55.1516,38137293304.5,5,8,
FDXF,381,Industrials,-0.7503,-0.717,-0.7839,-0.75,0.0345,,0.0232,,0.1062,,0.0614,,,,126.94,188.46,124.02,18979832168.0545,3,7,
PSKY,382,Communication Services,-0.8186,-0.5166,-0.8478,-1.3642,-0.25,0.0801,-0.3,0.9976,-0.4098,-0.5081,-0.0961,,0.0,-0.439,11.01,19.3707,7.7741,11799053662.0551,3,7,
APD,383,Materials,-0.8244,-1.1415,-0.6957,-0.4476,-0.0007,-0.0279,-0.0086,0.2146,-0.0163,-0.0034,-0.0471,0.2379,0.381,0.0669,290.56,314.19,226.2549,64703507053.1342,3,9,
DASH,384,Consumer Discretionary,-0.832,-1.0642,-0.6761,-0.6793,0.0104,0.032,0.0093,0.1223,0.125,0.0848,0.0448,,0.0,-0.1758,198.26,281.74,146.6,81104772119.0206,4,7,
GILD,385,Health Care,-0.8893,-0.925,-1.3272,0.0577,-0.0179,0.0713,-0.0123,0.0652,-0.0764,-0.2739,-0.082,,2.2188,0.2578,146.3,153.0467,107.8936,181405442960.5428,7,8,
BAX,386,Health Care,-0.9682,-1.1398,-1.0738,-0.4138,-0.0867,,-0.014,0.5063,-0.0203,-0.1713,-0.0239,0.3008,1.5208,0.0903,23.71,28.3391,15.7857,12257974662.966,6,9,
NRG,387,Utilities,-1.0043,-0.2735,-1.018,-2.4386,0.0381,0.0156,0.0443,,,,0.0617,,,-0.2541,105.99,182.8192,105.99,22280208644.112,6,8,
TAP,388,Consumer Staples,-1.0129,-0.9587,-1.0381,-1.0708,-0.25,,-0.2031,1.48,-0.1375,-0.2279,-0.1946,0.3172,0.7591,-0.1199,39.27,52.5761,37.9872,6837613547.0049,3,8,
TSLA,389,Consumer Discretionary,-1.0489,-1.3913,-0.8974,-0.6669,0.0027,0.0041,0.0031,0.0617,0.0408,0.0438,0.0422,0.1885,0.0889,-0.1725,356.58,489.88,298.32,1408329556719.0466,5,9,
AXON,390,Industrials,-1.0633,-1.5038,-0.5806,-1.1476,0.0055,0.0037,0.0006,0.1023,0.0049,0.0542,0.0074,0.5941,0.4713,-0.2057,442.08,777.58,345.94,35913435332.3656,5,9,
BA,391,Industrials,-1.0733,-1.3475,-1.1121,-0.4474,0.0147,-0.0013,0.0225,0.0368,0.091,0.3992,0.0601,0.0574,5.0,0.0473,209.69,252.15,179.12,165732691423.4143,6,9,
MOS,392,Materials,-1.099,-0.9651,-0.9036,-1.7578,-0.0789,-0.117,-0.0146,1.4164,-0.0079,-0.0557,-0.0139,0.1098,0.3344,-0.359,25.46,34.6571,19.6536,8093622856.1178,8,9,
